{"presets":{"Sydney":{"social_icons_color":"#666666","social_icons_color_hover":"#4a7491","video_width":"set","social_icons":"dark","use_logo":false,"display_search_box":true,"header_share_button":false,"cart_icon":"dark","main_linklist":"main-menu","top_bar_linklist":"","link_color":"#4a7491","link_hover_color":"#3d4247","btn_color":"#4a7491","btn_hover_color":"#666666","btn_text_color":"#FFFFFF","sale_color":"#c86a58","sale_banner_color":"#c86a58","new_banner_color":"#4a7491","was_price_color":"#9da6ae","border_color":"#e4e4e4","table_styles_enabled":true,"shop_bg_color":"#ffffff","modal_background_color":"#FFFFFF","shop_use_content_bg_color":false,"shop_content_bg_color":"#ffffff","shop_use_home_page_content_bg_color":true,"shop_home_page_content_bg_color":"#d0dde3","home_page_border_color":"#d0dde3","use_custom_bg_image":false,"repeat_bg":"repeat","bg_fixed":false,"bg_stretched":true,"footer_link_color":"#4a7491","footer_link_color_hover":"#666666","footer_color":"#f5f5f5","footer_border_color":"#f5f5f5","use_custom_footer_image":false,"logo_typeface_method":"google_webfonts","logo_google_webfont_font":"Open+Sans+Condensed","logo_websafe_font":"","logo_weight":"bold","logo_font_style":"none","logo_font_size":"42","logo_color":"#303030","headline_typeface_method":"google_webfonts","headline_google_webfont_font":"Open+Sans+Condensed","headline_websafe_font":"","headline_weight":"normal","headline_font_style":"uppercase","headline_font_size":"32","headline_color":"#4d4d4d","headline_footer_text_color":"#4d4d4d","headline_letter_spacing":"1","nav_typeface_method":"google_webfonts","nav_google_webfont_font":"Open+Sans+Condensed","nav_websafe_font":"'Lucida Grande', 'Lucida Sans Unicode', 'Lucida Sans', Lucida, Helvetica, Arial, sans-serif","nav_weight":"normal","nav_font_style":"uppercase","nav_font_size":"15","nav_color":"#808080","nav_color_active":"#4d4d4d","nav_color_hover":"#4a7491","nav_letter_spacing":"1","top_menu_size":"13","top_menu_color":"#808080","regular_typeface_method":"google_webfonts","regular_google_webfont_font":"Open+Sans","regular_websafe_font":"Helvetica, Arial, sans-serif","regular_weight":"normal","regular_font_style":"none","regular_font_size":"13","regular_color":"#777777","footer_font_size":"13","footer_text_color":"#777777","homepage":"frontpage","frontpage_collection":"frontpage","frontpage_products_per_row":"4","frontpage_linklist":"","frontpage_collections_per_row":"3","blog_widget":true,"blog_widget_select":"news","home_page_articles":"4","twitter_widget":"","slideshow_enabled":true,"slideshow_animation":"fade","slideshow_stretch":true,"slideshow_width_narrow":false,"slideshow_speed":"10","slideshow_headline_size":"56","slideshow_headline_weight":"bold","slideshow_subtitle_size":"24","slideshow_subtitle_weight":"bold","slideshow_1_enabled":true,"image_1_headline":"Mobilia Shopify Theme","image_1_subtitle":"A beautifully responsive ecommerce theme","image_1_text_color":"#ffffff","image_1_text_align":"center","image_1_button_text":"","image_1_link":"","slideshow_2_enabled":false,"image_2_headline":"","image_2_subtitle":"","image_2_text_color":"#ffffff","image_2_text_align":"right","image_2_button_text":"","image_2_link":"","slideshow_3_enabled":false,"image_3_headline":"","image_3_subtitle":"","image_3_text_color":"#ffffff","image_3_text_align":"center","image_3_button_text":"","image_3_link":"","slideshow_4_enabled":false,"image_4_headline":"","image_4_subtitle":"","image_4_text_color":"#ffffff","image_4_text_align":"left","image_4_button_text":"","image_4_link":"","slideshow_5_enabled":false,"image_5_headline":"","image_5_subtitle":"","image_5_text_color":"#ffffff","image_5_text_align":"left","image_5_button_text":"","image_5_link":"","slideshow_6_enabled":false,"image_6_headline":"","image_6_subtitle":"","image_6_text_color":"#ffffff","image_6_text_align":"left","image_6_button_text":"","image_6_link":"","display_tags":false,"display_type":true,"display_vendor":true,"display_collections":false,"display_social_buttons":true,"display_pinterest_button":true,"display_fancy_button":true,"product_images_position":"left","product_slideshow_animation":"slide","product_description_position":"top","display_related_products":true,"display_product_quantity":false,"option_to_match":"","products_per_row":"3","pagination_limit":"48","align_height":false,"collection_height":"200","collection_tags":true,"sale_banner_enabled":true,"quick_shop_enabled":true,"description_words":"15","quick_shop_text":"+ Quick View","tax_included":false,"display_special_instructions":true,"show_shipping_calculator":true,"shipping_calculator_heading":"Shipping rates calculator","shipping_calculator_default_country":"United States","shipping_calculator_submit_button_label":"Calculate shipping rates","shipping_calculator_submit_button_label_disabled":"Calculating...","display_recent_articles":true,"display_social_buttons_blog":true,"blog_tags":true,"blog_author":true,"blog_content_page":"","disqus_enabled":false,"disqus_shortname":"","newsletter_enabled":true,"newsletter_text":"Mailing List","newsletter_description":"Sign up to get the latest on sales, new releases and more …","newsletter_system":"shopify","mailchimp_link":"","footer_linklist_1":"main-menu","footer_linklist_2":"footer","footer_content_page":"","display_designed_by":true,"social_text":"Social","twitter_link":"","facebook_link":"","google_link":"","youtube_link":"","pinterest_link":"","tumblr_link":"","instagram_link":"","linkedin_link":"","flickr_link":"","blog_rss":"news","use_paypal":false,"use_bitcoin":false,"use_visa":false,"use_visaelectron":false,"use_mastercard":false,"use_amex":false,"use_cirrus":false,"use_delta":false,"use_discover":false,"use_google_checkout":false,"use_western_union":false,"customer_layout":"theme"},"Milan":{"social_icons_color":"#888888","social_icons_color_hover":"#f2ede3","video_width":"set","social_icons":"light","use_logo":false,"display_search_box":true,"header_share_button":false,"cart_icon":"dark","main_linklist":"main-menu","top_bar_linklist":"","link_color":"#dd390d","link_hover_color":"#3d4247","btn_color":"#dd390d","btn_hover_color":"#3d4247","btn_text_color":"#FFFFFF","sale_color":"#dd390d","sale_banner_color":"#3d4247","new_banner_color":"#3d4247","was_price_color":"#6e6c6a","border_color":"#d7d4d3","table_styles_enabled":true,"shop_bg_color":"#f4f3f1","modal_background_color":"#f4f3f1","shop_use_content_bg_color":false,"shop_content_bg_color":"","shop_use_home_page_content_bg_color":true,"shop_home_page_content_bg_color":"#e3e0df","home_page_border_color":"#e3e0df","use_custom_bg_image":false,"repeat_bg":"repeat","bg_fixed":false,"bg_stretched":false,"footer_link_color":"#f2ede3","footer_link_color_hover":"#dd390d","footer_color":"#2e2d2c","footer_border_color":"#2e2d2c","use_custom_footer_image":false,"logo_typeface_method":"google_webfonts","logo_google_webfont_font":"Oswald","logo_websafe_font":"","logo_weight":"normal","logo_font_style":"uppercase","logo_font_size":"42","logo_color":"#2e2d2c","headline_typeface_method":"google_webfonts","headline_google_webfont_font":"Oswald","headline_websafe_font":"","headline_weight":"normal","headline_font_style":"uppercase","headline_font_size":"32","headline_color":"#2e2d2c","headline_footer_text_color":"#f2ede3","headline_letter_spacing":"1","nav_typeface_method":"google_webfonts","nav_google_webfont_font":"Oswald","nav_websafe_font":"'Lucida Grande', 'Lucida Sans Unicode', 'Lucida Sans', Lucida, Helvetica, Arial, sans-serif","nav_weight":"normal","nav_font_style":"uppercase","nav_font_size":"14","nav_color":"#2e2d2c","nav_color_active":"#666666","nav_color_hover":"#dd390d","nav_letter_spacing":"0","top_menu_size":"13","top_menu_color":"#2e2d2c","regular_typeface_method":"websafe","regular_google_webfont_font":"Neuton","regular_websafe_font":"Georgia, Utopia, 'Times New Roman', Times, serif","regular_weight":"normal","regular_font_style":"none","regular_font_size":"14","regular_color":"#2e2d2c","footer_font_size":"13","footer_text_color":"#857777","homepage":"frontpage","frontpage_collection":"frontpage","frontpage_products_per_row":"4","frontpage_linklist":"","frontpage_collections_per_row":"3","blog_widget":true,"blog_widget_select":"news","home_page_articles":"4","twitter_widget":"","slideshow_enabled":true,"slideshow_animation":"fade","slideshow_stretch":true,"slideshow_width_narrow":false,"slideshow_speed":"10","slideshow_headline_size":"47","slideshow_headline_weight":"normal","slideshow_subtitle_size":"20","slideshow_subtitle_weight":"normal","slideshow_1_enabled":true,"image_1_headline":"Mobilia Shopify Theme","image_1_subtitle":"A beautifully responsive ecommerce theme","image_1_text_color":"#ffffff","image_1_text_align":"center","image_1_button_text":"","image_1_link":"","slideshow_2_enabled":false,"image_2_headline":"","image_2_subtitle":"","image_2_text_color":"#ffffff","image_2_text_align":"right","image_2_button_text":"","image_2_link":"","slideshow_3_enabled":false,"image_3_headline":"","image_3_subtitle":"","image_3_text_color":"#ffffff","image_3_text_align":"center","image_3_button_text":"","image_3_link":"","slideshow_4_enabled":false,"image_4_headline":"","image_4_subtitle":"","image_4_text_color":"#ffffff","image_4_text_align":"left","image_4_button_text":"","image_4_link":"","slideshow_5_enabled":false,"image_5_headline":"","image_5_subtitle":"","image_5_text_color":"#ffffff","image_5_text_align":"left","image_5_button_text":"","image_5_link":"","slideshow_6_enabled":false,"image_6_headline":"","image_6_subtitle":"","image_6_text_color":"#ffffff","image_6_text_align":"left","image_6_button_text":"","image_6_link":"","display_tags":true,"display_type":true,"display_vendor":false,"display_collections":false,"display_social_buttons":true,"display_pinterest_button":true,"display_fancy_button":true,"product_images_position":"left","product_slideshow_animation":"slide","product_description_position":"top","display_related_products":true,"display_product_quantity":false,"option_to_match":"","products_per_row":"4","pagination_limit":"48","align_height":false,"collection_height":"200","collection_tags":true,"sale_banner_enabled":false,"quick_shop_enabled":true,"description_words":"30","quick_shop_text":"+ Quick View","tax_included":false,"display_special_instructions":true,"show_shipping_calculator":true,"shipping_calculator_heading":"Shipping rates calculator","shipping_calculator_default_country":"United States","shipping_calculator_submit_button_label":"Calculate shipping rates","shipping_calculator_submit_button_label_disabled":"Calculating...","display_recent_articles":true,"display_social_buttons_blog":true,"blog_tags":true,"blog_author":true,"blog_content_page":"","disqus_enabled":false,"disqus_shortname":"","newsletter_enabled":true,"newsletter_text":"Newsletter","newsletter_description":"Sign up to get the latest on sales, new releases and more …","newsletter_system":"shopify","mailchimp_link":"","footer_linklist_1":"main-menu","footer_linklist_2":"footer","footer_content_page":"","display_designed_by":true,"social_text":"Social","twitter_link":"","facebook_link":"","google_link":"","youtube_link":"","pinterest_link":"","tumblr_link":"","instagram_link":"","linkedin_link":"","flickr_link":"","blog_rss":"news","use_paypal":false,"use_bitcoin":false,"use_visa":false,"use_visaelectron":false,"use_mastercard":false,"use_amex":false,"use_cirrus":false,"use_delta":false,"use_discover":false,"use_google_checkout":false,"use_western_union":false,"customer_layout":"theme"},"Napa":{"social_icons_color":"#141003","social_icons_color_hover":"#666666","video_width":"set","social_icons":"dark","use_logo":false,"display_search_box":false,"header_share_button":false,"cart_icon":"dark","main_linklist":"main-menu","top_bar_linklist":"top","link_color":"#141003","link_hover_color":"#343434","btn_color":"#343434","btn_hover_color":"#666666","btn_text_color":"#FFFFFF","sale_color":"#343434","sale_banner_color":"#666666","new_banner_color":"#666666","was_price_color":"#6e6c6a","border_color":"#d7d4d3","tab_background_color":"#f9f9f9","table_styles_enabled":true,"shop_bg_color":"#f9f7f0","modal_background_color":"#f9f7f0","shop_use_content_bg_color":false,"shop_content_bg_color":"","shop_use_home_page_content_bg_color":true,"shop_home_page_content_bg_color":"#e7e6e1","home_page_border_color":"#e7e6e1","use_custom_bg_image":false,"repeat_bg":"repeat","bg_fixed":false,"bg_stretched":false,"footer_link_color":"#141003","footer_link_color_hover":"#343434","footer_color":"#f9f7f0","footer_border_color":"#d7d4d3","use_custom_footer_image":false,"logo_typeface_method":"google_webfonts","logo_google_webfont_font":"Merriweather","logo_websafe_font":"Georgia, Utopia, 'Times New Roman', Times, serif","logo_weight":"normal","logo_font_style":"uppercase","logo_font_size":"42","logo_color":"#b6a673","headline_typeface_method":"google_webfonts","headline_google_webfont_font":"Merriweather","headline_websafe_font":"Georgia, Utopia, 'Times New Roman', Times, serif","headline_weight":"normal","headline_font_style":"none","headline_font_size":"30","headline_color":"#141003","headline_footer_text_color":"#141003","headline_letter_spacing":"0","nav_typeface_method":"google_webfonts","nav_google_webfont_font":"Merriweather","nav_websafe_font":"'Lucida Grande', 'Lucida Sans Unicode', 'Lucida Sans', Lucida, Helvetica, Arial, sans-serif","nav_weight":"normal","nav_font_style":"uppercase","nav_font_size":"13","nav_color":"#969589","nav_color_active":"#43413c","nav_color_hover":"#343434","nav_letter_spacing":"0","top_menu_size":"12","top_menu_color":"#b4b2a4","regular_typeface_method":"websafe","regular_google_webfont_font":"Lato","regular_websafe_font":"Helvetica, Arial, sans-serif","regular_weight":"normal","regular_font_style":"none","regular_font_size":"14","regular_color":"#969589","footer_font_size":"13","footer_text_color":"#585750","homepage":"frontpage","frontpage_collection":"frontpage","frontpage_products_per_row":"3","frontpage_linklist":"","frontpage_collections_per_row":"3","blog_widget":true,"blog_widget_select":"news","home_page_articles":"4","twitter_widget":"","slideshow_enabled":true,"slideshow_animation":"fade","slideshow_stretch":true,"slideshow_width_narrow":false,"slideshow_speed":"10","slideshow_headline_size":"48","slideshow_headline_weight":"normal","slideshow_subtitle_size":"20","slideshow_subtitle_weight":"normal","slideshow_1_enabled":true,"image_1_headline":"Mobilia Shopify Theme","image_1_subtitle":"A beautifully responsive ecommerce theme","image_1_text_color":"#ffffff","image_1_text_align":"center","image_1_button_text":"","image_1_link":"","slideshow_2_enabled":false,"image_2_headline":"","image_2_subtitle":"","image_2_text_color":"#ffffff","image_2_text_align":"right","image_2_button_text":"","image_2_link":"","slideshow_3_enabled":false,"image_3_headline":"","image_3_subtitle":"","image_3_text_color":"#ffffff","image_3_text_align":"center","image_3_button_text":"","image_3_link":"","slideshow_4_enabled":false,"image_4_headline":"","image_4_subtitle":"","image_4_text_color":"#ffffff","image_4_text_align":"left","image_4_button_text":"","image_4_link":"","slideshow_5_enabled":false,"image_5_headline":"","image_5_subtitle":"","image_5_text_color":"#ffffff","image_5_text_align":"left","image_5_button_text":"","image_5_link":"","slideshow_6_enabled":false,"image_6_headline":"","image_6_subtitle":"","image_6_text_color":"#ffffff","image_6_text_align":"left","image_6_button_text":"","image_6_link":"","display_tags":true,"display_type":false,"display_vendor":false,"display_collections":false,"display_social_buttons":true,"display_pinterest_button":true,"display_fancy_button":true,"product_images_position":"left","product_slideshow_animation":"slide","product_description_position":"top","display_related_products":true,"display_product_quantity":true,"option_to_match":"","products_per_row":"2","pagination_limit":"48","align_height":false,"collection_height":"200","collection_tags":true,"sale_banner_enabled":false,"quick_shop_enabled":true,"description_words":"15","quick_shop_text":"+ Quick View","tax_included":false,"display_special_instructions":true,"show_shipping_calculator":true,"shipping_calculator_heading":"Shipping rates calculator","shipping_calculator_default_country":"United States","shipping_calculator_submit_button_label":"Calculate shipping rates","shipping_calculator_submit_button_label_disabled":"Calculating...","display_recent_articles":true,"display_social_buttons_blog":true,"blog_tags":true,"blog_author":true,"blog_content_page":"","disqus_enabled":false,"disqus_shortname":"","newsletter_enabled":true,"newsletter_text":"Newsletter","newsletter_description":"Sign up to get the latest on sales, new releases and more …","newsletter_system":"shopify","mailchimp_link":"","footer_linklist_1":"main-menu","footer_linklist_2":"footer","footer_content_page":"","display_designed_by":true,"social_text":"Social","twitter_link":"","facebook_link":"","google_link":"","youtube_link":"","pinterest_link":"","tumblr_link":"","instagram_link":"","linkedin_link":"","flickr_link":"","blog_rss":"news","use_paypal":false,"use_bitcoin":false,"use_visa":false,"use_visaelectron":false,"use_mastercard":false,"use_amex":false,"use_cirrus":false,"use_delta":false,"use_discover":false,"use_google_checkout":false,"use_western_union":false,"customer_layout":"theme"},"Tokyo":{"social_icons_color":"#66717a","social_icons_color_hover":"#9da6ae","video_width":"set","social_icons":"dark","use_logo":false,"display_search_box":true,"header_share_button":false,"cart_icon":"dark","main_linklist":"main-menu","top_bar_linklist":"","link_color":"#00afd8","link_hover_color":"#282c30","btn_color":"#ffa02f","btn_hover_color":"#3d4247","btn_text_color":"#FFFFFF","sale_color":"#70be4d","sale_banner_color":"#70be4d","new_banner_color":"#00afd8","was_price_color":"#9da6ae","border_color":"#dbe3e5","table_styles_enabled":true,"shop_bg_color":"#ffffff","modal_background_color":"#FFFFFF","shop_use_content_bg_color":false,"shop_content_bg_color":"","shop_use_home_page_content_bg_color":true,"shop_home_page_content_bg_color":"#ecf2f3","home_page_border_color":"#dbe3e5","use_custom_bg_image":false,"repeat_bg":"repeat","bg_fixed":false,"bg_stretched":false,"footer_link_color":"#00afd8","footer_link_color_hover":"#3d4247","footer_color":"#ecf2f3","footer_border_color":"#dbe3e5","use_custom_footer_image":false,"logo_typeface_method":"google_webfonts","logo_google_webfont_font":"Asap","logo_websafe_font":"","logo_weight":"normal","logo_font_style":"none","logo_font_size":"32","logo_color":"#303030","headline_typeface_method":"google_webfonts","headline_google_webfont_font":"Asap","headline_websafe_font":"","headline_weight":"normal","headline_font_style":"none","headline_font_size":"32","headline_color":"#303030","headline_footer_text_color":"#404040","headline_letter_spacing":"0","nav_typeface_method":"websafe","nav_google_webfont_font":"Open+Sans+Condensed","nav_websafe_font":"'Lucida Grande', 'Lucida Sans Unicode', 'Lucida Sans', Lucida, Helvetica, Arial, sans-serif","nav_weight":"normal","nav_font_style":"none","nav_font_size":"14","nav_color":"#7b858f","nav_color_active":"#3d4247","nav_color_hover":"#00afd8","nav_letter_spacing":"0","top_menu_size":"12","top_menu_color":"#b3b3b3","regular_typeface_method":"websafe","regular_google_webfont_font":"Open+Sans","regular_websafe_font":"'HelveticaNeue-Light', 'Helvetica Neue Light', 'Helvetica Neue', Helvetica, Arial, sans-serif","regular_weight":"normal","regular_font_style":"none","regular_font_size":"14","regular_color":"#404040","footer_font_size":"13","footer_text_color":"#404040","homepage":"frontpage","frontpage_collection":"frontpage","frontpage_products_per_row":"4","frontpage_linklist":"","frontpage_collections_per_row":"3","blog_widget":true,"blog_widget_select":"news","home_page_articles":"4","twitter_widget":"","slideshow_enabled":true,"slideshow_animation":"fade","slideshow_width_narrow":false,"slideshow_speed":"10","slideshow_headline_size":"50","slideshow_subtitle_size":"23","slideshow_1_enabled":true,"image_1_headline":"Mobilia Shopify Theme","image_1_subtitle":"A beautifully responsive ecommerce theme","image_1_text_color":"#ffffff","image_1_text_align":"center","image_1_button_text":"","image_1_link":"","slideshow_2_enabled":false,"image_2_headline":"","image_2_subtitle":"","image_2_text_color":"#ffffff","image_2_text_align":"right","image_2_button_text":"","image_2_link":"","slideshow_3_enabled":false,"image_3_headline":"","image_3_subtitle":"","image_3_text_color":"#ffffff","image_3_text_align":"center","image_3_button_text":"","image_3_link":"","slideshow_4_enabled":false,"image_4_headline":"","image_4_subtitle":"","image_4_text_color":"#ffffff","image_4_text_align":"left","image_4_button_text":"","image_4_link":"","slideshow_5_enabled":false,"image_5_headline":"","image_5_subtitle":"","image_5_text_color":"#ffffff","image_5_text_align":"left","image_5_button_text":"","image_5_link":"","slideshow_6_enabled":false,"image_6_headline":"","image_6_subtitle":"","image_6_text_color":"#ffffff","image_6_text_align":"left","image_6_button_text":"","image_6_link":"","display_tags":true,"display_type":true,"display_vendor":false,"display_collections":false,"display_social_buttons":true,"display_pinterest_button":true,"display_fancy_button":true,"product_images_position":"left","product_slideshow_animation":"slide","product_description_position":"top","display_related_products":true,"display_product_quantity":false,"option_to_match":"","products_per_row":"3","pagination_limit":"48","align_height":false,"collection_height":"200","collection_tags":true,"sale_banner_enabled":false,"quick_shop_enabled":true,"description_words":"15","quick_shop_text":"+ Quick View","tax_included":false,"display_special_instructions":true,"show_shipping_calculator":true,"shipping_calculator_heading":"Shipping rates calculator","shipping_calculator_default_country":"United States","shipping_calculator_submit_button_label":"Calculate shipping rates","shipping_calculator_submit_button_label_disabled":"Calculating...","display_recent_articles":true,"display_social_buttons_blog":true,"blog_tags":true,"blog_author":true,"blog_content_page":"","disqus_enabled":false,"disqus_shortname":"","newsletter_enabled":true,"newsletter_text":"Mailing List","newsletter_description":"Sign up to get the latest on sales, new releases and more …","newsletter_system":"shopify","mailchimp_link":"","footer_linklist_1":"main-menu","footer_linklist_2":"footer","footer_content_page":"","display_designed_by":true,"social_text":"Social","twitter_link":"","facebook_link":"","google_link":"","youtube_link":"","pinterest_link":"","tumblr_link":"","instagram_link":"","linkedin_link":"","flickr_link":"","blog_rss":"news","use_paypal":false,"use_bitcoin":false,"use_visa":false,"use_visaelectron":false,"use_mastercard":false,"use_amex":false,"use_cirrus":false,"use_delta":false,"use_discover":false,"use_google_checkout":false,"use_western_union":false,"customer_layout":"theme"}},"current":{"customer_layout":"theme","menu_top_padding":"5","link_color":"#479ccf","link_hover_color":"#58b7f0","btn_color":"#479ccf","btn_hover_color":"#58b7f0","btn_text_color":"#ffffff","sale_color":"#000000","sale_banner_color":"#a7fc00","new_banner_color":"#a7fc00","was_price_color":"#000000","border_color":"#cccccc","tab_background_color":"#f5f5f5","shop_bg_color":"#ffffff","modal_background_color":"#ffffff","header_bg_color":"#000000","shop_content_bg_color":"","shop_home_page_content_bg_color":"#eeeeee","home_page_border_color":"#dddddd","footer_link_color":"#ffffff","footer_link_color_hover":"#479ccf","social_icons_color":"#ffffff","social_icons_color_hover":"#479ccf","footer_border_color":"#333333","footer_color":"#333333","logo_font_size":"36","logo_color":"#000000","headline_font_size":"32","headline_color":"#000000","headline_footer_text_color":"#ffffff","headline_letter_spacing":"1","nav_font_size":"14","nav_color":"#000000","nav_color_active":"#000000","nav_color_hover":"#58b7f0","nav_letter_spacing":"0","top_menu_size":"12","top_menu_color":"#000000","regular_font_size":"15","regular_color":"#000000","footer_font_size":"14","footer_text_color":"#ffffff","home_page_articles":"2","twitter_username":"Onetree_planted","instagram_client_id":"a8f1b982da7740118d98820a5a6cfe13","instagram_title":"Instagram","instagram_tag_name":"rainforest","instagram_count":"10","slideshow_headline_size":"40","slideshow_subtitle_size":"24","video_width_px":"","image_1_alt_text":"","image_1_headline":"Mobilia Shopify Theme","image_1_subtitle":"A beautifully responsive ecommerce theme","image_1_text_color":"#ffffff","image_1_button_text":"","image_1_link":"","image_2_alt_text":"Plant a tree in the Amazon Rainforest!","image_2_headline":"Save the Amazon Rainforest","image_2_subtitle":"","image_2_text_color":"#ffffff","image_2_button_text":"Plant a Tree Now","image_2_link":"/products/amazon-rainforest","image_3_alt_text":"Plant a tree in the Amazon Rainforest!","image_3_headline":"Save the Amazon Rainforest","image_3_subtitle":"","image_3_text_color":"#ffffff","image_3_button_text":"Plant a Tree Now","image_3_link":"/products/amazon-rainforest","image_4_alt_text":"Join our team at One Tree Planted","image_4_headline":"create your own tree planting team!","image_4_subtitle":"","image_4_text_color":"#333333","image_4_button_text":"Join Our Team","image_4_link":"","image_5_alt_text":"Plant 40 Trees - get a Free OTP T-shirt!","image_5_headline":"Plant 40 Trees & get a Free OTP T-shirt!","image_5_subtitle":"","image_5_text_color":"#333333","image_5_button_text":"Plant 40 Trees Now","image_5_link":"/collections/plant-a-tree","image_6_alt_text":"","image_6_headline":"","image_6_subtitle":"","image_6_text_color":"#ffffff","image_6_button_text":"","image_6_link":"","add_to_cart_text":"Add to Cart","sold_out_text":"Sold Out","related_products_title":"Areas That Also Need Help","inventory_left_text":"items left","option_to_match":"","collection_height":"200","description_words":"30","quick_shop_text":"+ Quick View","shipping_calculator_heading":"Shipping rates calculator","shipping_calculator_default_country":"United States","shipping_calculator_submit_button_label":"Calculate shipping rates","shipping_calculator_submit_button_label_disabled":"Calculating...","disqus_shortname":"","newsletter_text":"Newsletter","newsletter_description":"Subscribe to our newsletter for the latest news, stats, discoveries and event coverage!","mailchimp_link":"http://onetreeplanted.us3.list-manage.com/subscribe/post?u=2bdf2068a8788b50845a4ff41&amp;id=ace71020da","social_text":"Connect With Us","twitter_link":"https://twitter.com/OneTree_Planted","facebook_link":"https://www.facebook.com/onetreeplanted","google_link":"https://plus.google.com/107885520585096428946","youtube_link":"","vimeo_link":"","pinterest_link":"","tumblr_link":"","instagram_link":"http://instagram.com/onetreeplanted","linkedin_link":"","flickr_link":"","supported_currencies":"USD CAD EUR","default_currency":"USD","newsletter_popup_seconds":"1","newsletter_popup_days":"7","newsletter_popup_max_width":"600","video_embed":"","search_option":"everything","repeat_bg":"repeat","logo_google_webfont_font":"Oswald","logo_websafe_font":"","logo_weight":"normal","logo_font_style":"uppercase","headline_google_webfont_font":"Oswald","headline_websafe_font":"","headline_weight":"normal","headline_font_style":"uppercase","nav_google_webfont_font":"Open+Sans+Condensed","nav_websafe_font":"Futura, 'Century Gothic', AppleGothic, sans-serif","nav_weight":"normal","nav_font_style":"uppercase","regular_google_webfont_font":"Open+Sans","regular_websafe_font":"'HelveticaNeue-Light', 'Helvetica Neue Light', 'Helvetica Neue', Helvetica, Arial, sans-serif","regular_weight":"normal","regular_font_style":"none","frontpage_collections_per_row":"4","frontpage_products_per_row":"4","slideshow_animation":"slide","slideshow_headline_weight":"bold","slideshow_subtitle_weight":"normal","video_position":"1","image_1_text_align":"center","image_2_text_align":"right","image_3_text_align":"right","image_4_text_align":"left","image_5_text_align":"right","image_6_text_align":"left","product_slideshow_animation":"slide","products_per_row":"4","mobile_products_per_row":"2","pagination_limit":"48","currency_format":"money_with_currency_format","use_logo":true,"display_search_box":false,"header_social_icons":false,"table_styles_enabled":true,"shop_use_header_bg_color":false,"shop_use_content_bg_color":false,"shop_use_home_page_content_bg_color":true,"use_custom_bg_image":false,"bg_fixed":false,"bg_stretched":false,"use_custom_footer_image":false,"blog_widget":true,"twitter_widget":true,"instagram_widget":true,"slideshow_enabled":true,"slideshow_stretch":true,"slideshow_width_narrow":false,"slideshow_1_enabled":false,"slideshow_2_enabled":false,"slideshow_3_enabled":true,"slideshow_4_enabled":true,"slideshow_5_enabled":false,"slideshow_6_enabled":false,"display_tags":true,"display_type":false,"display_vendor":false,"display_collections":false,"display_social_buttons":true,"display_pinterest_button":true,"display_fancy_button":true,"display_related_products":true,"notify_me_form":true,"display_product_quantity":true,"display_inventory_left":false,"align_height":false,"collection_tags":true,"sale_banner_enabled":true,"quick_shop_enabled":true,"collection_sidebar":false,"filter_by_category":false,"collection_sidebar_products":false,"collection_sidebar_vendors":false,"tax_included":false,"display_special_instructions":true,"show_shipping_calculator":true,"display_recent_articles":true,"display_social_buttons_blog":true,"blog_tags":true,"blog_author":false,"disqus_enabled":false,"newsletter_enabled":true,"display_designed_by":false,"footer_social_icons":true,"use_paypal":false,"use_bitcoin":false,"use_visa":true,"use_visaelectron":false,"use_mastercard":true,"use_amex":true,"use_cirrus":true,"use_delta":true,"use_discover":true,"use_western_union":false,"show_multiple_currencies":false,"newsletter_popup":true,"newsletter_popup_form":true,"cart_icon":"dark","logo_typeface_method":"google_webfonts","headline_typeface_method":"google_webfonts","nav_typeface_method":"websafe","regular_typeface_method":"websafe","video_width":"set","product_images_position":"left","product_description_position":"bottom","cart_return":"checkout","newsletter_system":"mailchimp","social_icons":"dark","header_share_button":"false","main_linklist":"main-menu","top_bar_linklist":"","homepage":"welcome","frontpage_collection":"","frontpage_linklist":"","blog_widget_select":"news","slideshow_speed":"10","blog_content_page":"","footer_linklist_1":"footer","footer_linklist_2":"main-menu","footer_content_page":"","blog_rss":"news","use_google_checkout":"false","frontpage_collection2":"","newsletter_popup_page":"join-our-community-help-us-save-our-forests"}}